symbol,direction,entry_time,entry_price,sl_price,tp_price,exit_time,exit_price,exit_type,pnl,duration_hours,month
ADA/USDT,LONG,2025-01-02 00:00:00,0.9455,0.9222578571428571,1.008075,2025-01-03 03:00:00,1.008075,TP,130.36382866208365,27,2025-01
OP/USDT,LONG,2025-01-02 04:00:00,1.8465,1.8173707142857143,1.924925,2025-01-03 13:00:00,1.924925,TP,82.94448957487134,33,2025-01
ARB/USDT,LONG,2025-01-02 08:00:00,0.7738,0.7629357142857144,0.8030499999999999,2025-01-02 22:00:00,0.7629357142857144,SL,-30.08034560425345,14,2025-01
ADA/USDT,LONG,2025-01-03 07:00:00,1.0353,1.0136550000000002,1.093575,2025-01-03 12:00:00,1.093575,TP,110.57606490872182,5,2025-01
ADA/USDT,SHORT,2025-01-08 17:00:00,0.9427,0.9746707142857143,0.856625,2025-01-11 20:00:00,0.9746707142857143,SL,-69.82797132855478,75,2025-01
ARB/USDT,SHORT,2025-01-09 13:00:00,0.7414,0.7579657142857142,0.6968,2025-01-09 15:00:00,0.7579657142857142,SL,-46.68765655709279,2,2025-01
LINK/USDT,SHORT,2025-01-09 13:00:00,19.351,19.752885714285714,18.269,2025-01-09 15:00:00,19.752885714285714,SL,-43.53642853451657,2,2025-01
OP/USDT,SHORT,2025-01-10 15:00:00,1.7611,1.798967142857143,1.65915,2025-01-10 17:00:00,1.798967142857143,SL,-45.00396667667126,2,2025-01
ADA/USDT,LONG,2025-01-12 02:00:00,1.0214,0.9960314285714287,1.0897000000000001,2025-01-12 08:00:00,0.9960314285714287,SL,-51.674116758510685,6,2025-01
TRX/USDT,SHORT,2025-01-13 02:00:00,0.22966,0.2322925,0.2225725,2025-01-13 09:00:00,0.2225725,TP,59.72167552033438,7,2025-01
ADA/USDT,SHORT,2025-01-13 06:00:00,0.9331,0.95299,0.87955,2025-01-13 14:00:00,0.87955,TP,112.77869467366838,8,2025-01
TRX/USDT,SHORT,2025-01-13 06:00:00,0.22662,0.22974835714285713,0.2181975,2025-01-13 11:00:00,0.2181975,TP,72.33148001059041,5,2025-01
ARB/USDT,SHORT,2025-01-13 15:00:00,0.686,0.7075428571428573,0.628,2025-01-13 22:00:00,0.7075428571428573,SL,-64.80716368179941,7,2025-01
TRX/USDT,SHORT,2025-01-13 15:00:00,0.22281,0.22701178571428574,0.2114975,2025-01-15 13:00:00,0.22701178571428574,SL,-39.716311783903116,46,2025-01
ARB/USDT,LONG,2025-01-16 00:00:00,0.7776,0.7588892857142857,0.8279749999999999,2025-01-16 08:00:00,0.7588892857142857,SL,-50.12426513815393,8,2025-01
LINK/USDT,LONG,2025-01-16 00:00:00,21.62,21.102600000000002,23.013,2025-01-16 13:00:00,23.013,TP,126.86216466234973,13,2025-01
TRX/USDT,LONG,2025-01-16 00:00:00,0.2341,0.2305212857142857,0.243735,2025-01-17 05:00:00,0.243735,TP,80.31524989320808,29,2025-01
ARB/USDT,LONG,2025-01-17 15:00:00,0.7999,0.7868164285714286,0.8351250000000001,2025-01-18 04:00:00,0.7868164285714286,SL,-34.71301769864087,13,2025-01
OP/USDT,LONG,2025-01-17 15:00:00,1.9217,1.8944649999999998,1.995025,2025-01-18 00:00:00,1.995025,TP,74.31263985013278,9,2025-01
ARB/USDT,LONG,2025-01-17 20:00:00,0.8254,0.8093264285714286,0.8686750000000001,2025-01-18 03:00:00,0.8093264285714286,SL,-40.94735020249931,7,2025-01
ARB/USDT,SHORT,2025-01-18 16:00:00,0.7551,0.7791778571428571,0.690275,2025-01-19 01:00:00,0.7791778571428571,SL,-65.77395614582744,9,2025-01
ADA/USDT,SHORT,2025-01-19 08:00:00,1.0397,1.0703150000000001,0.957275,2025-01-19 14:00:00,1.0703150000000001,SL,-60.89198807348284,6,2025-01
FIL/USDT,SHORT,2025-01-19 22:00:00,5.099,5.2849,4.5985,2025-01-20 06:00:00,5.2849,SL,-74.91625808982161,8,2025-01
ADA/USDT,SHORT,2025-01-23 10:00:00,0.9565,0.9725828571428572,0.9132,2025-01-23 13:00:00,0.9725828571428572,SL,-35.628556493167125,3,2025-01
OP/USDT,LONG,2025-01-24 14:00:00,1.7967,1.7599099999999999,1.89575,2025-01-24 20:00:00,1.7599099999999999,SL,-42.9528580174766,6,2025-01
LINK/USDT,SHORT,2025-01-27 05:00:00,23.538,24.185864285714285,21.793750000000003,2025-01-27 21:00:00,24.185864285714285,SL,-57.048371630069205,16,2025-01
LINK/USDT,SHORT,2025-01-27 08:00:00,22.661,23.405714285714286,20.656000000000002,2025-01-27 12:00:00,23.405714285714286,SL,-67.72651566252895,4,2025-01
FIL/USDT,LONG,2025-01-30 14:00:00,4.793,4.722985714285715,4.9815000000000005,2025-01-31 03:00:00,4.722985714285715,SL,-31.215224583469887,13,2025-01
LINK/USDT,LONG,2025-01-30 14:00:00,24.931,24.492435714285715,26.11175,2025-01-30 21:00:00,24.492435714285715,SL,-37.182245855704586,7,2025-01
ARB/USDT,LONG,2025-01-31 16:00:00,0.6653,0.6514921428571429,0.702475,2025-01-31 18:00:00,0.6514921428571429,SL,-43.50866419016128,2,2025-01
OP/USDT,SHORT,2025-02-01 14:00:00,1.392,1.4216492857142857,1.3121749999999999,2025-02-02 03:00:00,1.3121749999999999,TP,112.69109195402305,13,2025-02
FIL/USDT,SHORT,2025-02-01 18:00:00,4.587,4.669828571428571,4.364,2025-02-01 22:00:00,4.364,TP,95.23130586439933,4,2025-02
OP/USDT,SHORT,2025-02-01 18:00:00,1.3892,1.42027,1.3055499999999998,2025-02-02 03:00:00,1.3055499999999998,TP,118.42902389864703,9,2025-02
ADA/USDT,SHORT,2025-02-02 02:00:00,0.8863,0.9028285714285714,0.8418,2025-02-02 16:00:00,0.8418,TP,98.41746586934443,14,2025-02
OP/USDT,SHORT,2025-02-02 03:00:00,1.2967,1.3316421428571428,1.202625,2025-02-02 05:00:00,1.3316421428571428,SL,-55.893950577840386,2,2025-02
OP/USDT,SHORT,2025-02-02 08:00:00,1.3279,1.3647828571428573,1.2286000000000001,2025-02-02 16:00:00,1.2286000000000001,TP,147.55945477822115,8,2025-02
ADA/USDT,SHORT,2025-02-02 16:00:00,0.8346,0.8585385714285714,0.7701500000000001,2025-02-02 22:00:00,0.7701500000000001,TP,152.44524323028972,6,2025-02
ARB/USDT,SHORT,2025-02-02 16:00:00,0.541,0.5563771428571429,0.49960000000000004,2025-02-02 19:00:00,0.49960000000000004,TP,151.0499075785582,3,2025-02
OP/USDT,SHORT,2025-02-02 16:00:00,1.2204,1.2621392857142857,1.1080249999999998,2025-02-02 19:00:00,1.1080249999999998,TP,182.16093084234697,3,2025-02
ADA/USDT,SHORT,2025-02-02 22:00:00,0.7936,0.8283471428571428,0.70005,2025-02-03 01:00:00,0.70005,TP,233.7610887096775,3,2025-02
ARB/USDT,SHORT,2025-02-02 22:00:00,0.4922,0.5156278571428572,0.42912500000000003,2025-02-03 01:00:00,0.42912500000000003,TP,254.29825274278744,3,2025-02
OP/USDT,SHORT,2025-02-02 22:00:00,1.115,1.17493,0.9536499999999999,2025-02-03 01:00:00,0.9536499999999999,TP,287.4170403587446,3,2025-02
ADA/USDT,SHORT,2025-02-06 19:00:00,0.7016,0.7222514285714285,0.646,2025-02-07 01:00:00,0.7222514285714285,SL,-60.86952272357053,6,2025-02
FIL/USDT,SHORT,2025-02-06 19:00:00,3.109,3.193035714285714,2.88275,2025-02-07 01:00:00,3.193035714285714,SL,-56.0596425125212,6,2025-02
OP/USDT,SHORT,2025-02-06 19:00:00,1.0442,1.0755764285714284,0.9597250000000002,2025-02-07 01:00:00,1.0755764285714284,SL,-62.09658795523543,6,2025-02
TRX/USDT,LONG,2025-02-12 16:00:00,0.24503,0.24192485714285714,0.25339,2025-02-13 00:00:00,0.24192485714285714,SL,-27.34500148669846,8,2025-02
LINK/USDT,LONG,2025-02-14 10:00:00,19.104,18.820135714285716,19.868249999999996,2025-02-15 16:00:00,18.820135714285716,SL,-31.71778535534796,30,2025-02
FIL/USDT,LONG,2025-02-14 14:00:00,3.527,3.472307142857143,3.67425,2025-02-14 15:00:00,3.472307142857143,SL,-33.01381181902882,1,2025-02
ARB/USDT,LONG,2025-02-14 14:00:00,0.5036,0.49614357142857146,0.5236750000000001,2025-02-14 15:00:00,0.49614357142857146,SL,-31.612504255077784,1,2025-02
OP/USDT,LONG,2025-02-14 15:00:00,1.1794,1.155545,1.2436249999999998,2025-02-14 21:00:00,1.155545,SL,-42.4527725962353,6,2025-02
ADA/USDT,LONG,2025-02-14 17:00:00,0.8224,0.8049057142857143,0.8694999999999999,2025-02-14 20:00:00,0.8049057142857143,SL,-44.54446914952744,3,2025-02
OP/USDT,LONG,2025-02-17 17:00:00,1.1742,1.1459621428571427,1.250225,2025-02-18 05:00:00,1.1459621428571427,SL,-50.097184709346294,12,2025-02
FIL/USDT,LONG,2025-02-21 13:00:00,3.568,3.5212928571428574,3.6937499999999996,2025-02-21 14:00:00,3.5212928571428574,SL,-28.181133888532855,1,2025-02
ARB/USDT,LONG,2025-02-21 14:00:00,0.5043,0.4967135714285714,0.524725,2025-02-21 15:00:00,0.4967135714285714,SL,-32.086966374890146,1,2025-02
OP/USDT,LONG,2025-02-23 14:00:00,1.1679,1.14801,1.2214499999999997,2025-02-24 03:00:00,1.14801,SL,-36.06113537117898,13,2025-02
OP/USDT,SHORT,2025-02-24 08:00:00,1.0939,1.1189528571428573,1.02645,2025-02-24 22:00:00,1.02645,TP,121.32023036840663,14,2025-02
LINK/USDT,SHORT,2025-02-24 11:00:00,16.662,17.008821428571427,15.728249999999997,2025-02-24 22:00:00,15.728249999999997,TP,110.08138278718062,11,2025-02
ADA/USDT,SHORT,2025-02-24 15:00:00,0.718,0.7344264285714286,0.673775,2025-02-24 22:00:00,0.673775,TP,121.18941504178261,7,2025-02
ADA/USDT,SHORT,2025-02-27 20:00:00,0.6331,0.6463971428571429,0.5972999999999999,2025-02-27 22:00:00,0.6463971428571429,SL,-44.00645350542693,2,2025-02
LINK/USDT,SHORT,2025-02-27 20:00:00,14.901,15.225814285714286,14.0265,2025-02-28 02:00:00,14.0265,TP,115.37467284074886,6,2025-02
ARB/USDT,SHORT,2025-02-28 09:00:00,0.3984,0.41091714285714287,0.36469999999999997,2025-02-28 15:00:00,0.41091714285714287,SL,-64.8370625358579,6,2025-02
OP/USDT,SHORT,2025-02-28 09:00:00,1.0615,1.0940557142857144,0.9738500000000001,2025-02-28 16:00:00,1.0940557142857144,SL,-63.33907543233959,7,2025-02
TRX/USDT,SHORT,2025-02-28 09:00:00,0.22377,0.22741,0.21397,2025-02-28 14:00:00,0.22741,SL,-34.533404835322024,5,2025-02
ADA/USDT,LONG,2025-03-02 02:00:00,0.6702,0.6569307142857143,0.705925,2025-03-02 12:00:00,0.6569307142857143,SL,-41.59798780747765,10,2025-03
LINK/USDT,LONG,2025-03-05 08:00:00,15.868,15.391085714285715,17.152,2025-03-06 02:00:00,17.152,TP,159.8351399042098,18,2025-03
LINK/USDT,LONG,2025-03-05 17:00:00,16.084,15.608571428571429,17.364,2025-03-06 07:00:00,17.364,TP,157.16438696841595,14,2025-03
ADA/USDT,SHORT,2025-03-07 21:00:00,0.8209,0.8565478571428571,0.7249249999999999,2025-03-09 17:00:00,0.7249249999999999,TP,231.82872457059335,44,2025-03
FIL/USDT,SHORT,2025-03-08 16:00:00,3.074,3.1245142857142856,2.9379999999999997,2025-03-08 19:00:00,3.1245142857142856,SL,-34.86550794683522,3,2025-03
ARB/USDT,SHORT,2025-03-09 09:00:00,0.3841,0.38874285714285717,0.3716,2025-03-09 13:00:00,0.3716,TP,63.08721687060667,4,2025-03
FIL/USDT,SHORT,2025-03-09 15:00:00,2.913,2.9616571428571428,2.7819999999999996,2025-03-09 17:00:00,2.7819999999999996,TP,87.94164092001388,2,2025-03
ADA/USDT,SHORT,2025-03-10 14:00:00,0.6934,0.7188242857142857,0.62495,2025-03-11 05:00:00,0.7188242857142857,SL,-75.33223453788773,15,2025-03
OP/USDT,SHORT,2025-03-12 03:00:00,0.8157,0.843715,0.740275,2025-03-12 07:00:00,0.843715,SL,-70.68946916758615,4,2025-03
FIL/USDT,LONG,2025-03-14 14:00:00,2.863,2.8268785714285714,2.96025,2025-03-15 16:00:00,2.96025,TP,65.93573174991256,26,2025-03
ARB/USDT,LONG,2025-03-14 14:00:00,0.3562,0.3517242857142857,0.36825,2025-03-15 21:00:00,0.36825,TP,65.65861875350929,31,2025-03
FIL/USDT,LONG,2025-03-14 16:00:00,2.893,2.855578571428571,2.99375,2025-03-16 11:00:00,2.855578571428571,SL,-27.870327391240043,43,2025-03
OP/USDT,LONG,2025-03-19 04:00:00,0.8779,0.8630521428571428,0.9178750000000001,2025-03-19 11:00:00,0.9178750000000001,TP,89.06959790408952,7,2025-03
OP/USDT,LONG,2025-03-19 09:00:00,0.8901,0.8761714285714286,0.9276,2025-03-19 11:00:00,0.9276,TP,82.26019548365348,2,2025-03
ARB/USDT,LONG,2025-03-19 15:00:00,0.3849,0.3778985714285715,0.40375,2025-03-19 17:00:00,0.3778985714285715,SL,-38.38050699625122,2,2025-03
LINK/USDT,LONG,2025-03-19 15:00:00,14.608,14.353478571428571,15.29325,2025-03-19 17:00:00,14.353478571428571,SL,-36.84685495227676,2,2025-03
OP/USDT,SHORT,2025-03-21 10:00:00,0.8511,0.8620571428571429,0.8216,2025-03-22 05:00:00,0.8620571428571429,SL,-27.7481914161506,19,2025-03
ARB/USDT,SHORT,2025-03-21 14:00:00,0.3614,0.366145,0.348625,2025-03-22 06:00:00,0.366145,SL,-28.25899280575539,16,2025-03
OP/USDT,SHORT,2025-03-21 14:00:00,0.851,0.86348,0.8174,2025-03-22 06:00:00,0.86348,SL,-31.330199764982485,16,2025-03
FIL/USDT,LONG,2025-03-22 17:00:00,3.041,3.0073857142857143,3.1315,2025-03-22 20:00:00,3.0073857142857143,SL,-24.107389486541003,3,2025-03
ADA/USDT,LONG,2025-03-24 04:00:00,0.7235,0.7138800000000001,0.7494000000000001,2025-03-25 08:00:00,0.7494000000000001,TP,69.59640635798212,28,2025-03
LINK/USDT,LONG,2025-03-24 15:00:00,15.202,14.926957142857143,15.942499999999999,2025-03-25 03:00:00,14.926957142857143,SL,-38.185088428214335,12,2025-03
FIL/USDT,SHORT,2025-03-28 04:00:00,2.957,3.0008285714285714,2.839,2025-03-28 11:00:00,2.839,TP,77.81061887047676,7,2025-03
ADA/USDT,SHORT,2025-03-28 14:00:00,0.6992,0.7116614285714286,0.6656500000000001,2025-03-29 00:00:00,0.7116614285714286,SL,-37.64481856815935,10,2025-03
FIL/USDT,SHORT,2025-03-28 14:00:00,2.834,2.8920357142857145,2.67775,2025-04-01 06:00:00,2.8920357142857145,SL,-42.95674967234609,88,2025-03
LINK/USDT,SHORT,2025-03-29 16:00:00,13.51,13.743442857142856,12.881499999999999,2025-03-30 03:00:00,13.743442857142856,SL,-36.5585280744421,11,2025-03
ADA/USDT,SHORT,2025-03-30 17:00:00,0.6647,0.6741157142857143,0.6393499999999999,2025-03-30 19:00:00,0.6741157142857143,SL,-30.330718476649032,2,2025-03
ARB/USDT,SHORT,2025-03-31 07:00:00,0.3249,0.33122357142857145,0.307875,2025-03-31 12:00:00,0.33122357142857145,SL,-40.92626302598602,5,2025-03
LINK/USDT,SHORT,2025-03-31 07:00:00,13.207,13.484364285714287,12.46025,2025-03-31 14:00:00,13.484364285714287,SL,-44.0026176594664,7,2025-03
ARB/USDT,SHORT,2025-04-02 05:00:00,0.3204,0.32537714285714286,0.307,2025-04-02 07:00:00,0.32537714285714286,SL,-33.06830747280179,2,2025-04
ADA/USDT,LONG,2025-04-02 14:00:00,0.686,0.675145,0.7152250000000001,2025-04-02 20:00:00,0.675145,SL,-33.647230320699876,6,2025-04
LINK/USDT,SHORT,2025-04-04 15:00:00,12.729,13.042392857142856,11.88525,2025-04-04 17:00:00,13.042392857142856,SL,-51.24076630416476,2,2025-04
OP/USDT,SHORT,2025-04-06 11:00:00,0.6818,0.6886807142857142,0.663275,2025-04-06 13:00:00,0.663275,TP,52.341449105309515,2,2025-04
FIL/USDT,SHORT,2025-04-06 14:00:00,2.591,2.62675,2.4947500000000002,2025-04-06 17:00:00,2.4947500000000002,TP,72.29563874951751,3,2025-04
ARB/USDT,SHORT,2025-04-06 14:00:00,0.2967,0.3007485714285714,0.28580000000000005,2025-04-06 17:00:00,0.28580000000000005,TP,71.47489046174563,3,2025-04
ADA/USDT,SHORT,2025-04-07 03:00:00,0.5566,0.576295,0.503575,2025-04-07 14:00:00,0.576295,SL,-72.76895436579238,11,2025-04
FIL/USDT,SHORT,2025-04-07 07:00:00,2.197,2.3023000000000002,1.9135,2025-04-07 08:00:00,2.3023000000000002,SL,-97.85798816568062,1,2025-04
ARB/USDT,SHORT,2025-04-07 07:00:00,0.2512,0.26356857142857143,0.21789999999999998,2025-04-07 08:00:00,0.26356857142857143,SL,-100.47588717015488,1,2025-04
ADA/USDT,SHORT,2025-04-09 04:00:00,0.5589,0.5762085714285714,0.5123,2025-04-09 07:00:00,0.5762085714285714,SL,-63.93799044040599,3,2025-04
LINK/USDT,SHORT,2025-04-09 04:00:00,10.956,11.287871428571428,10.0625,2025-04-09 06:00:00,11.287871428571428,SL,-62.582590100662394,2,2025-04
ADA/USDT,LONG,2025-04-11 10:00:00,0.6327,0.6207771428571429,0.6648000000000001,2025-04-11 12:00:00,0.6207771428571429,SL,-39.688816636184995,2,2025-04
LINK/USDT,LONG,2025-04-11 10:00:00,12.614,12.410735714285714,13.16125,2025-04-11 14:00:00,12.410735714285714,SL,-34.22836304333071,4,2025-04
LINK/USDT,LONG,2025-04-11 14:00:00,12.477,12.241050000000001,13.11225,2025-04-12 14:00:00,13.11225,TP,99.82736234671782,24,2025-04
ADA/USDT,LONG,2025-04-12 11:00:00,0.6365,0.6293221428571428,0.655825,2025-04-12 13:00:00,0.655825,TP,58.72270227808339,2,2025-04
ARB/USDT,LONG,2025-04-12 14:00:00,0.3081,0.3042278571428571,0.31852499999999995,2025-04-13 04:00:00,0.3042278571428571,SL,-27.13562386980123,14,2025-04
FIL/USDT,LONG,2025-04-18 13:00:00,2.475,2.4451,2.5555,2025-04-18 23:00:00,2.4451,SL,-26.16161616161619,10,2025-04
ARB/USDT,LONG,2025-04-19 19:00:00,0.3025,0.299185,0.311425,2025-04-20 08:00:00,0.299185,SL,-23.917355371900907,13,2025-04
ADA/USDT,SHORT,2025-04-20 14:00:00,0.6158,0.6213064285714286,0.600975,2025-04-20 20:00:00,0.6213064285714286,SL,-19.88382127778038,6,2025-04
ARB/USDT,LONG,2025-04-21 06:00:00,0.3118,0.3078164285714286,0.32252500000000006,2025-04-21 16:00:00,0.3078164285714286,SL,-27.552093833043102,10,2025-04
ARB/USDT,LONG,2025-04-25 10:00:00,0.345,0.33941,0.36005,2025-04-27 00:00:00,0.36005,TP,85.24637681159425,38,2025-04
FIL/USDT,SHORT,2025-04-27 05:00:00,2.726,2.7709428571428574,2.6049999999999995,2025-04-28 07:00:00,2.7709428571428574,SL,-34.97348286343169,26,2025-04
ADA/USDT,LONG,2025-05-01 15:00:00,0.7012,0.6915892857142858,0.727075,2025-05-02 19:00:00,0.6915892857142858,SL,-29.412191345448516,28,2025-05
LINK/USDT,LONG,2025-05-01 15:00:00,14.858,14.658821428571429,15.394250000000001,2025-05-02 05:00:00,14.658821428571429,SL,-28.8109532142377,14,2025-05
ARB/USDT,LONG,2025-05-01 16:00:00,0.3406,0.3355207142857143,0.354275,2025-05-02 07:00:00,0.3355207142857143,SL,-31.82551799345702,15,2025-05
ARB/USDT,SHORT,2025-05-03 16:00:00,0.3227,0.3267857142857143,0.3117,2025-05-04 16:00:00,0.3117,TP,66.17477533312682,24,2025-05
LINK/USDT,SHORT,2025-05-03 17:00:00,14.263,14.395321428571428,13.906749999999999,2025-05-03 20:00:00,14.395321428571428,SL,-20.554501657635598,3,2025-05
OP/USDT,SHORT,2025-05-03 17:00:00,0.6747,0.6860471428571429,0.64415,2025-05-03 21:00:00,0.6860471428571429,SL,-35.63611340489963,4,2025-05
ARB/USDT,SHORT,2025-05-04 16:00:00,0.312,0.31663357142857146,0.299525,2025-05-05 04:00:00,0.31663357142857146,SL,-31.702380952381148,12,2025-05
OP/USDT,SHORT,2025-05-04 22:00:00,0.66,0.671087142857143,0.6301499999999999,2025-05-05 00:00:00,0.671087142857143,SL,-35.59740259740291,2,2025-05
ADA/USDT,SHORT,2025-05-05 02:00:00,0.676,0.6865485714285715,0.6476000000000001,2025-05-05 05:00:00,0.6865485714285715,SL,-33.20879120879131,3,2025-05
FIL/USDT,SHORT,2025-05-05 20:00:00,2.6,2.6381642857142857,2.49725,2025-05-06 21:00:00,2.49725,TP,77.03846153846146,25,2025-05
OP/USDT,SHORT,2025-05-05 20:00:00,0.6412,0.6531135714285714,0.6091249999999999,2025-05-05 22:00:00,0.6531135714285714,SL,-39.16023527314851,2,2025-05
ADA/USDT,LONG,2025-05-08 15:00:00,0.7313,0.7189778571428571,0.7644749999999999,2025-05-08 21:00:00,0.7644749999999999,TP,88.72883905373979,6,2025-05
ADA/USDT,LONG,2025-05-09 11:00:00,0.7937,0.7717485714285715,0.8527999999999999,2025-05-10 00:00:00,0.7717485714285715,SL,-57.31417052142752,13,2025-05
FIL/USDT,LONG,2025-05-09 11:00:00,3.026,2.9639714285714285,3.1929999999999996,2025-05-10 22:00:00,3.1929999999999996,TP,108.37673496364826,35,2025-05
ARB/USDT,LONG,2025-05-09 11:00:00,0.3784,0.3683807142857143,0.405375,2025-05-10 13:00:00,0.405375,TP,140.57399577167004,26,2025-05
ARB/USDT,LONG,2025-05-10 10:00:00,0.3947,0.38582285714285713,0.4186,2025-05-10 16:00:00,0.4186,TP,119.1046364327339,6,2025-05
ADA/USDT,LONG,2025-05-10 13:00:00,0.8096,0.7920685714285715,0.8568,2025-05-11 07:00:00,0.7920685714285715,SL,-45.30886504799539,18,2025-05
LINK/USDT,LONG,2025-05-10 16:00:00,16.897,16.58360714285714,17.74075,2025-05-11 06:00:00,16.58360714285714,SL,-39.09449690984889,14,2025-05
FIL/USDT,LONG,2025-05-10 22:00:00,3.209,3.1453928571428573,3.38025,2025-05-11 07:00:00,3.1453928571428573,SL,-41.6429684369852,9,2025-05
TRX/USDT,LONG,2025-05-12 03:00:00,0.26749,0.26481664285714285,0.2746875,2025-05-12 05:00:00,0.26481664285714285,SL,-21.98846418824747,2,2025-05
LINK/USDT,LONG,2025-05-12 08:00:00,17.575,17.180821428571427,18.636249999999997,2025-05-12 10:00:00,17.180821428571427,SL,-46.856736435683885,2,2025-05
TRX/USDT,LONG,2025-05-14 16:00:00,0.27618,0.27312499999999995,0.284405,2025-05-15 01:00:00,0.27312499999999995,SL,-24.12325295097422,9,2025-05
OP/USDT,SHORT,2025-05-15 05:00:00,0.7944,0.8146707142857142,0.7398250000000001,2025-05-15 21:00:00,0.7398250000000001,TP,135.39929506545803,16,2025-05
ADA/USDT,SHORT,2025-05-15 07:00:00,0.7672,0.7812678571428571,0.7293250000000001,2025-05-15 08:00:00,0.7812678571428571,SL,-38.67324594071188,1,2025-05
ADA/USDT,SHORT,2025-05-15 14:00:00,0.7547,0.7736614285714286,0.7036500000000001,2025-05-15 15:00:00,0.7736614285714286,SL,-52.2489163149028,1,2025-05
ARB/USDT,SHORT,2025-05-15 14:00:00,0.3992,0.4118935714285714,0.365025,2025-05-15 15:00:00,0.4118935714285714,SL,-65.59504723733174,1,2025-05
LINK/USDT,SHORT,2025-05-16 22:00:00,15.711,15.982514285714286,14.98,2025-05-18 14:00:00,15.982514285714286,SL,-36.56359056893715,40,2025-05
ADA/USDT,LONG,2025-05-21 04:00:00,0.7554,0.7431892857142857,0.7882750000000001,2025-05-21 17:00:00,0.7431892857142857,SL,-34.32913498997696,13,2025-05
ADA/USDT,LONG,2025-05-21 15:00:00,0.765,0.752325,0.799125,2025-05-21 17:00:00,0.752325,SL,-35.13725490196076,2,2025-05
FIL/USDT,LONG,2025-05-22 15:00:00,3.067,3.023264285714286,3.18475,2025-05-23 11:00:00,3.023264285714286,SL,-30.520191904606445,20,2025-05
ARB/USDT,LONG,2025-05-22 15:00:00,0.4325,0.4236692857142857,0.456275,2025-05-22 19:00:00,0.4236692857142857,SL,-42.83567299752279,4,2025-05
OP/USDT,LONG,2025-05-22 15:00:00,0.8028,0.7856771428571429,0.8488999999999999,2025-05-23 11:00:00,0.7856771428571429,SL,-44.657840415687865,20,2025-05
OP/USDT,SHORT,2025-05-25 02:00:00,0.7299,0.7439771428571428,0.6920000000000001,2025-05-25 23:00:00,0.7439771428571428,SL,-40.57279862212026,21,2025-05
ADA/USDT,LONG,2025-05-26 07:00:00,0.7749,0.7652800000000001,0.8008,2025-05-26 09:00:00,0.7652800000000001,SL,-26.829010194863756,2,2025-05
OP/USDT,LONG,2025-05-26 07:00:00,0.778,0.7636721428571429,0.816575,2025-05-26 10:00:00,0.7636721428571429,SL,-38.83253764230621,3,2025-05
FIL/USDT,SHORT,2025-05-29 17:00:00,2.788,2.8307142857142855,2.673,2025-05-30 00:00:00,2.673,TP,80.49641319942596,7,2025-05
ADA/USDT,SHORT,2025-05-29 19:00:00,0.7267,0.7360228571428571,0.7016,2025-05-30 00:00:00,0.7016,TP,67.0794000275217,5,2025-05
TRX/USDT,SHORT,2025-05-30 07:00:00,0.26963,0.271723,0.2639949999999999,2025-05-30 10:00:00,0.271723,SL,-17.52497867447993,3,2025-05
ARB/USDT,SHORT,2025-05-30 13:00:00,0.3613,0.37297214285714286,0.32987500000000003,2025-05-31 00:00:00,0.32987500000000003,TP,171.95516191530572,11,2025-05
FIL/USDT,SHORT,2025-06-05 11:00:00,2.518,2.550221428571428,2.43125,2025-06-05 12:00:00,2.550221428571428,SL,-27.592874163167913,1,2025-06
FIL/USDT,SHORT,2025-06-05 14:00:00,2.506,2.54695,2.3957499999999996,2025-06-05 19:00:00,2.3957499999999996,TP,85.98882681564261,5,2025-06
ADA/USDT,LONG,2025-06-11 07:00:00,0.7233,0.7128907142857144,0.751325,2025-06-11 09:00:00,0.7128907142857144,SL,-30.782761549248377,2,2025-06
FIL/USDT,SHORT,2025-06-12 11:00:00,2.587,2.6242357142857147,2.4867500000000002,2025-06-12 13:00:00,2.6242357142857147,SL,-30.786791098349035,2,2025-06
ADA/USDT,SHORT,2025-06-12 19:00:00,0.6681,0.6786114285714286,0.6398,2025-06-13 00:00:00,0.6398,TP,82.71785660829215,5,2025-06
FIL/USDT,SHORT,2025-06-12 19:00:00,2.542,2.5861071428571427,2.42325,2025-06-13 00:00:00,2.42325,TP,91.4303697875688,5,2025-06
OP/USDT,SHORT,2025-06-12 19:00:00,0.6484,0.6653185714285714,0.60285,2025-06-13 00:00:00,0.60285,TP,138.49969154842685,5,2025-06
ARB/USDT,SHORT,2025-06-14 15:00:00,0.3341,0.3385757142857143,0.32205,2025-06-15 20:00:00,0.32205,TP,70.13409158934455,29,2025-06
ADA/USDT,SHORT,2025-06-14 20:00:00,0.6183,0.6263785714285713,0.59655,2025-06-14 21:00:00,0.6263785714285713,SL,-28.131558882650427,1,2025-06
ARB/USDT,SHORT,2025-06-14 20:00:00,0.3308,0.33664071428571424,0.315075,2025-06-16 05:00:00,0.33664071428571424,SL,-37.312661945068044,33,2025-06
FIL/USDT,LONG,2025-06-16 13:00:00,2.534,2.505678571428571,2.6102499999999997,2025-06-16 22:00:00,2.505678571428571,SL,-24.35314015108809,9,2025-06
OP/USDT,LONG,2025-06-16 13:00:00,0.6093,0.5989278571428571,0.6372249999999999,2025-06-16 22:00:00,0.5989278571428571,SL,-36.046095050526276,9,2025-06
OP/USDT,SHORT,2025-06-20 22:00:00,0.5374,0.548385,0.507825,2025-06-21 01:00:00,0.548385,SL,-42.882024562709425,3,2025-06
ADA/USDT,SHORT,2025-06-21 14:00:00,0.576,0.5811907142857142,0.5620249999999999,2025-06-21 21:00:00,0.5620249999999999,TP,46.524305555555806,7,2025-06
OP/USDT,SHORT,2025-06-21 14:00:00,0.5305,0.5376778571428571,0.511175,2025-06-21 21:00:00,0.511175,TP,70.85579641847286,7,2025-06
ADA/USDT,SHORT,2025-06-21 18:00:00,0.5674,0.5738164285714286,0.550125,2025-06-21 21:00:00,0.550125,TP,58.89178709904843,3,2025-06
ADA/USDT,SHORT,2025-06-21 22:00:00,0.5546,0.5639971428571429,0.5293,2025-06-22 13:00:00,0.5293,TP,89.23692751532631,15,2025-06
ARB/USDT,SHORT,2025-06-21 22:00:00,0.274,0.2802957142857143,0.25705,2025-06-22 00:00:00,0.2802957142857143,SL,-47.95411887382696,2,2025-06
OP/USDT,SHORT,2025-06-21 22:00:00,0.51,0.5223685714285714,0.4767,2025-06-22 13:00:00,0.4767,TP,128.58823529411765,15,2025-06
ADA/USDT,SHORT,2025-06-22 02:00:00,0.5495,0.5621935714285714,0.515325,2025-06-22 20:00:00,0.515325,TP,122.38580527752487,18,2025-06
ARB/USDT,SHORT,2025-06-22 13:00:00,0.2608,0.26870214285714283,0.23952500000000002,2025-06-23 00:00:00,0.26870214285714283,SL,-62.59925503943909,11,2025-06
OP/USDT,SHORT,2025-06-22 13:00:00,0.479,0.49407071428571425,0.43842500000000006,2025-06-23 00:00:00,0.49407071428571425,SL,-64.92573814494476,11,2025-06
FIL/USDT,SHORT,2025-06-26 16:00:00,2.182,2.215335714285714,2.09225,2025-06-26 20:00:00,2.215335714285714,SL,-32.55519182925229,4,2025-06
ARB/USDT,LONG,2025-06-28 22:00:00,0.3118,0.30754714285714285,0.32325000000000004,2025-06-29 02:00:00,0.30754714285714285,SL,-29.27939155136093,4,2025-06
ARB/USDT,SHORT,2025-07-04 14:00:00,0.3249,0.3303692857142857,0.31017500000000003,2025-07-05 22:00:00,0.3303692857142857,SL,-35.667502088554485,32,2025-07
OP/USDT,SHORT,2025-07-04 14:00:00,0.5401,0.5486150000000001,0.5171749999999999,2025-07-06 21:00:00,0.5486150000000001,SL,-33.53119792631013,55,2025-07
ADA/USDT,LONG,2025-07-09 16:00:00,0.6116,0.6021471428571429,0.63705,2025-07-10 07:00:00,0.63705,TP,81.22432962720723,15,2025-07
ARB/USDT,LONG,2025-07-09 19:00:00,0.3533,0.3474685714285714,0.369,2025-07-10 16:00:00,0.369,TP,86.87630908576276,21,2025-07
OP/USDT,LONG,2025-07-09 19:00:00,0.5793,0.56877,0.60765,2025-07-10 17:00:00,0.60765,TP,95.87674779906779,22,2025-07
ARB/USDT,LONG,2025-07-10 17:00:00,0.3749,0.36795428571428573,0.3936,2025-07-10 22:00:00,0.3936,TP,97.75993598292875,5,2025-07
OP/USDT,LONG,2025-07-10 17:00:00,0.6139,0.6029985714285714,0.6432500000000001,2025-07-10 21:00:00,0.6432500000000001,TP,93.61817885649161,4,2025-07
ADA/USDT,LONG,2025-07-11 06:00:00,0.6893,0.6749535714285715,0.7279249999999999,2025-07-11 10:00:00,0.7279249999999999,TP,110.07021616132282,4,2025-07
LINK/USDT,LONG,2025-07-11 13:00:00,15.7,15.451514285714286,16.369,2025-07-11 15:00:00,15.451514285714286,SL,-33.6542311191992,2,2025-07
OP/USDT,LONG,2025-07-13 11:00:00,0.6622,0.6512242857142857,0.69175,2025-07-13 21:00:00,0.6512242857142857,SL,-35.14924278379435,10,2025-07
LINK/USDT,LONG,2025-07-14 10:00:00,16.289,15.97282142857143,17.14025,2025-07-14 15:00:00,15.97282142857143,SL,-40.821115038193994,5,2025-07
LINK/USDT,LONG,2025-07-16 17:00:00,16.877,16.59267142857143,17.6425,2025-07-17 01:00:00,16.59267142857143,SL,-35.69420767062518,8,2025-07
OP/USDT,LONG,2025-07-16 17:00:00,0.7218,0.702365,0.774125,2025-07-16 23:00:00,0.702365,SL,-55.85148240509831,6,2025-07
ADA/USDT,LONG,2025-07-16 21:00:00,0.7774,0.7628771428571428,0.8165,2025-07-16 23:00:00,0.7628771428571428,SL,-39.362637362637436,2,2025-07
ADA/USDT,LONG,2025-07-20 07:00:00,0.8447,0.8309292857142857,0.881775,2025-07-21 06:00:00,0.881775,TP,85.78264472593814,23,2025-07
ADA/USDT,LONG,2025-07-20 14:00:00,0.8645,0.8493364285714287,0.905325,2025-07-20 22:00:00,0.8493364285714287,SL,-37.08055853920506,8,2025-07
ARB/USDT,LONG,2025-07-20 16:00:00,0.5046,0.49114500000000005,0.540825,2025-07-20 17:00:00,0.49114500000000005,SL,-55.32936979785966,1,2025-07
LINK/USDT,LONG,2025-07-20 17:00:00,19.391,18.96710714285714,20.532249999999998,2025-07-20 22:00:00,18.96710714285714,SL,-45.720577292853044,5,2025-07
ADA/USDT,LONG,2025-07-21 06:00:00,0.8842,0.8645142857142857,0.9372,2025-07-22 04:00:00,0.8645142857142857,SL,-46.52774097650828,22,2025-07
ARB/USDT,SHORT,2025-07-23 14:00:00,0.4416,0.4534392857142857,0.409725,2025-07-24 06:00:00,0.409725,TP,142.36141304347822,16,2025-07
OP/USDT,SHORT,2025-07-23 14:00:00,0.7248,0.744885,0.670725,2025-07-23 21:00:00,0.670725,TP,147.21357615894036,7,2025-07
ADA/USDT,SHORT,2025-07-23 17:00:00,0.813,0.83393,0.7566499999999999,2025-07-24 15:00:00,0.83393,SL,-53.488314883148846,22,2025-07
FIL/USDT,SHORT,2025-07-23 21:00:00,2.623,2.6966357142857147,2.4247500000000004,2025-07-26 22:00:00,2.6966357142857147,SL,-58.14617940199349,73,2025-07
FIL/USDT,LONG,2025-07-27 17:00:00,2.72,2.685364285714286,2.8132500000000005,2025-07-28 14:00:00,2.685364285714286,SL,-27.467436974789944,21,2025-07
OP/USDT,LONG,2025-07-28 06:00:00,0.8164,0.7878278571428572,0.893325,2025-07-28 14:00:00,0.7878278571428572,SL,-71.99545040946306,8,2025-07
OP/USDT,LONG,2025-07-28 08:00:00,0.8233,0.7912642857142858,0.9095500000000001,2025-07-28 14:00:00,0.7912642857142858,SL,-79.82269958876297,6,2025-07
ADA/USDT,SHORT,2025-07-30 09:00:00,0.7686,0.7805414285714285,0.7364499999999999,2025-07-30 19:00:00,0.7364499999999999,TP,81.65860005204271,10,2025-07
ADA/USDT,SHORT,2025-07-30 18:00:00,0.7557,0.7706592857142858,0.715425,2025-07-31 00:00:00,0.7706592857142858,SL,-41.590540463902954,6,2025-07
ADA/USDT,SHORT,2025-07-31 18:00:00,0.7574,0.76923,0.7255499999999999,2025-08-01 00:00:00,0.7255499999999999,TP,82.10351201478755,6,2025-07
FIL/USDT,SHORT,2025-07-31 18:00:00,2.459,2.4970714285714286,2.3565000000000005,2025-08-01 00:00:00,2.3565000000000005,TP,81.36722244814932,6,2025-07
ADA/USDT,SHORT,2025-08-02 15:00:00,0.6987,0.7116442857142857,0.66385,2025-08-03 02:00:00,0.7116442857142857,SL,-39.05248522766779,11,2025-08
ADA/USDT,SHORT,2025-08-02 19:00:00,0.6938,0.7103285714285714,0.6493,2025-08-03 02:00:00,0.7103285714285714,SL,-49.64650166783352,7,2025-08
ARB/USDT,SHORT,2025-08-02 19:00:00,0.3655,0.37535214285714286,0.338975,2025-08-03 02:00:00,0.37535214285714286,SL,-55.91049443033032,7,2025-08
ARB/USDT,LONG,2025-08-04 00:00:00,0.3918,0.3868692857142857,0.40507499999999996,2025-08-04 01:00:00,0.3868692857142857,SL,-27.169547145044863,1,2025-08
ADA/USDT,LONG,2025-08-04 02:00:00,0.7394,0.7303464285714285,0.763775,2025-08-04 06:00:00,0.7303464285714285,SL,-26.488967889022017,4,2025-08
ADA/USDT,LONG,2025-08-04 15:00:00,0.7444,0.7347614285714286,0.7703499999999999,2025-08-05 07:00:00,0.7347614285714286,SL,-27.89621555231431,16,2025-08
ADA/USDT,LONG,2025-08-04 17:00:00,0.7505,0.7405642857142857,0.7772499999999999,2025-08-05 06:00:00,0.7405642857142857,SL,-28.47758637099073,13,2025-08
OP/USDT,LONG,2025-08-07 16:00:00,0.6911,0.6802450000000001,0.720325,2025-08-08 00:00:00,0.720325,TP,82.5753147156705,8,2025-08
LINK/USDT,LONG,2025-08-07 17:00:00,17.966,17.640907142857145,18.841250000000002,2025-08-08 03:00:00,18.841250000000002,TP,95.4340420794836,10,2025-08
ADA/USDT,LONG,2025-08-07 20:00:00,0.7692,0.7570264285714285,0.801975,2025-08-08 08:00:00,0.801975,TP,83.21840873634945,12,2025-08
OP/USDT,LONG,2025-08-08 07:00:00,0.7362,0.7216864285714286,0.7752749999999999,2025-08-09 04:00:00,0.7752749999999999,TP,104.15321923390376,21,2025-08
ARB/USDT,LONG,2025-08-08 08:00:00,0.4227,0.4137021428571429,0.446925,2025-08-09 05:00:00,0.446925,TP,112.62029808374731,21,2025-08
OP/USDT,LONG,2025-08-08 17:00:00,0.7634,0.7469457142857142,0.8077,2025-08-09 19:00:00,0.8077,TP,114.0597327744302,26,2025-08
ARB/USDT,LONG,2025-08-09 13:00:00,0.4587,0.4505285714285714,0.4807,2025-08-10 00:00:00,0.4807,TP,93.92326139088738,11,2025-08
FIL/USDT,SHORT,2025-08-11 16:00:00,2.548,2.5945214285714284,2.4227499999999997,2025-08-12 16:00:00,2.5945214285714284,SL,-38.516034985422586,24,2025-08
LINK/USDT,LONG,2025-08-13 03:00:00,24.523,23.880521428571427,26.25275,2025-08-13 05:00:00,23.880521428571427,SL,-54.39804032366126,2,2025-08
OP/USDT,LONG,2025-08-13 08:00:00,0.802,0.7877278571428572,0.8404250000000001,2025-08-13 13:00:00,0.8404250000000001,TP,93.82294264339163,5,2025-08
OP/USDT,LONG,2025-08-13 13:00:00,0.8294,0.8118221428571428,0.8767250000000001,2025-08-13 22:00:00,0.8767250000000001,TP,112.11863998070909,9,2025-08
ADA/USDT,LONG,2025-08-14 08:00:00,0.9863,0.9550164285714285,1.070525,2025-08-14 12:00:00,0.9550164285714285,SL,-65.43621905824071,4,2025-08
FIL/USDT,SHORT,2025-08-14 16:00:00,2.504,2.5680714285714283,2.3315,2025-08-17 08:00:00,2.5680714285714283,SL,-53.175262437243084,64,2025-08
ADA/USDT,LONG,2025-08-17 08:00:00,0.9563,0.9403100000000001,0.99935,2025-08-18 01:00:00,0.9403100000000001,SL,-35.44138868555881,17,2025-08
ARB/USDT,LONG,2025-08-17 09:00:00,0.5277,0.5158142857142857,0.5597,2025-08-17 16:00:00,0.5597,TP,119.28103088876267,7,2025-08
OP/USDT,LONG,2025-08-17 09:00:00,0.7713,0.7597764285714286,0.802325,2025-08-17 12:00:00,0.7597764285714286,SL,-31.880906076938704,3,2025-08
LINK/USDT,LONG,2025-08-17 13:00:00,24.75,24.217557142857142,26.1835,2025-08-17 15:00:00,26.1835,TP,113.83838383838372,2,2025-08
OP/USDT,LONG,2025-08-17 18:00:00,0.7623,0.747155,0.803075,2025-08-18 01:00:00,0.747155,SL,-41.7350124622851,7,2025-08
OP/USDT,SHORT,2025-08-18 06:00:00,0.7271,0.7433407142857142,0.6833750000000001,2025-08-20 01:00:00,0.6833750000000001,TP,118.27231467473499,43,2025-08
LINK/USDT,LONG,2025-08-20 13:00:00,24.675,23.9587,26.603499999999997,2025-08-20 21:00:00,26.603499999999997,TP,154.31205673758834,8,2025-08
LINK/USDT,LONG,2025-08-20 15:00:00,25.942,25.117428571428572,28.162,2025-08-21 15:00:00,25.117428571428572,SL,-65.57038228135285,24,2025-08
FIL/USDT,SHORT,2025-08-21 13:00:00,2.398,2.4294785714285716,2.31325,2025-08-22 12:00:00,2.31325,TP,68.68390325271068,23,2025-08
FIL/USDT,SHORT,2025-08-24 17:00:00,2.445,2.478242857142857,2.3554999999999997,2025-08-24 18:00:00,2.478242857142857,SL,-29.19252118025123,1,2025-08
OP/USDT,LONG,2025-08-24 18:00:00,0.8094,0.7945242857142857,0.84945,2025-08-24 19:00:00,0.7945242857142857,SL,-38.75738642380609,1,2025-08
OP/USDT,SHORT,2025-08-25 16:00:00,0.7204,0.7356285714285714,0.6794,2025-08-25 21:00:00,0.6794,TP,111.82565241532491,5,2025-08
ADA/USDT,SHORT,2025-08-29 14:00:00,0.8255,0.8419264285714286,0.7812749999999999,2025-08-30 04:00:00,0.8419264285714286,SL,-41.79752530933644,14,2025-08
FIL/USDT,SHORT,2025-08-29 14:00:00,2.277,2.3226857142857145,2.154,2025-08-31 00:00:00,2.3226857142857145,SL,-42.127987954074946,34,2025-08
LINK/USDT,SHORT,2025-08-29 14:00:00,23.388,23.87782142857143,22.06925,2025-08-31 03:00:00,23.87782142857143,SL,-43.88655965208039,37,2025-08
ADA/USDT,SHORT,2025-09-01 03:00:00,0.8086,0.8191021428571428,0.780325,2025-09-01 07:00:00,0.8191021428571428,SL,-27.97611391823595,4,2025-09
ADA/USDT,LONG,2025-09-05 13:00:00,0.8435,0.8340657142857143,0.8689,2025-09-05 14:00:00,0.8340657142857143,SL,-24.369379286984536,1,2025-09
ADA/USDT,LONG,2025-09-08 02:00:00,0.8412,0.833037857142857,0.863175,2025-09-08 14:00:00,0.863175,TP,50.24679029957223,12,2025-09
LINK/USDT,LONG,2025-09-08 13:00:00,22.909,22.57425,23.810249999999996,2025-09-09 09:00:00,23.810249999999996,TP,76.68086778122112,20,2025-09
OP/USDT,LONG,2025-09-08 13:00:00,0.7339,0.7222835714285715,0.7651749999999999,2025-09-09 00:00:00,0.7651749999999999,TP,83.22959531271275,11,2025-09
LINK/USDT,LONG,2025-09-10 07:00:00,23.439,23.147614285714287,24.223499999999998,2025-09-11 12:00:00,24.223499999999998,TP,64.93971585818488,29,2025-09
LINK/USDT,LONG,2025-09-10 13:00:00,23.752,23.42597857142857,24.629749999999998,2025-09-10 19:00:00,23.42597857142857,SL,-29.45212433238715,6,2025-09
OP/USDT,LONG,2025-09-10 13:00:00,0.7845,0.7734964285714285,0.814125,2025-09-10 16:00:00,0.7734964285714285,SL,-30.052444687243966,3,2025-09
ARB/USDT,LONG,2025-09-12 17:00:00,0.5389,0.5311835714285715,0.559675,2025-09-13 17:00:00,0.5311835714285715,SL,-30.637701137237013,24,2025-09
ADA/USDT,LONG,2025-09-13 13:00:00,0.9376,0.9241357142857143,0.97385,2025-09-13 17:00:00,0.9241357142857143,SL,-30.7207459775719,4,2025-09
OP/USDT,LONG,2025-09-13 13:00:00,0.8209,0.8085314285714286,0.8542,2025-09-13 17:00:00,0.8085314285714286,SL,-32.13417329411961,4,2025-09
ARB/USDT,SHORT,2025-09-15 16:00:00,0.4864,0.49650285714285713,0.45920000000000005,2025-09-16 07:00:00,0.49650285714285713,SL,-43.54135338345861,15,2025-09
FIL/USDT,SHORT,2025-09-19 15:00:00,2.49,2.5309500000000003,2.37975,2025-09-22 00:00:00,2.37975,TP,86.55421686747002,57,2025-09
ARB/USDT,SHORT,2025-09-19 15:00:00,0.4956,0.5049507142857143,0.470425,2025-09-22 00:00:00,0.470425,TP,99.59402744148508,57,2025-09
ADA/USDT,SHORT,2025-09-24 04:00:00,0.8056,0.8188042857142857,0.77005,2025-09-24 09:00:00,0.8188042857142857,SL,-34.78124556674694,5,2025-09
ARB/USDT,SHORT,2025-09-25 02:00:00,0.4278,0.43384500000000004,0.411525,2025-09-25 12:00:00,0.411525,TP,74.08695652173931,10,2025-09
ADA/USDT,SHORT,2025-09-25 04:00:00,0.7897,0.8006757142857143,0.76015,2025-09-25 17:00:00,0.76015,TP,72.83854628339867,13,2025-09
FIL/USDT,SHORT,2025-09-25 04:00:00,2.182,2.2135714285714285,2.097,2025-09-25 14:00:00,2.2135714285714285,SL,-30.93806468508578,10,2025-09
LINK/USDT,SHORT,2025-09-25 16:00:00,20.434,20.860400000000002,19.286,2025-09-26 16:00:00,20.860400000000002,SL,-43.73436429480287,24,2025-09
ARB/USDT,LONG,2025-10-01 08:00:00,0.4369,0.4290164285714286,0.458125,2025-10-03 16:00:00,0.458125,TP,95.16182192721443,56,2025-10
ADA/USDT,LONG,2025-10-01 09:00:00,0.8332,0.8208964285714286,0.8663250000000001,2025-10-02 18:00:00,0.8663250000000001,TP,77.51272203552585,33,2025-10
ARB/USDT,LONG,2025-10-01 14:00:00,0.432,0.42482214285714287,0.451325,2025-10-02 17:00:00,0.451325,TP,87.4675925925925,27,2025-10
FIL/USDT,LONG,2025-10-03 15:00:00,2.386,2.357121428571429,2.46375,2025-10-03 17:00:00,2.357121428571429,SL,-26.206681834510736,2,2025-10
FIL/USDT,SHORT,2025-10-04 15:00:00,2.283,2.313642857142857,2.2005,2025-10-04 22:00:00,2.313642857142857,SL,-28.84437769851684,7,2025-10
ARB/USDT,SHORT,2025-10-04 15:00:00,0.428,0.43381285714285717,0.41235,2025-10-04 17:00:00,0.43381285714285717,SL,-29.162883845126988,2,2025-10
ADA/USDT,LONG,2025-10-05 08:00:00,0.8774,0.86661,0.90645,2025-10-05 09:00:00,0.86661,SL,-26.595395486665073,1,2025-10
OP/USDT,LONG,2025-10-05 08:00:00,0.7496,0.7397107142857143,0.776225,2025-10-05 10:00:00,0.7397107142857143,SL,-28.385500838542452,2,2025-10
ADA/USDT,SHORT,2025-10-09 14:00:00,0.8055,0.8174414285714285,0.7733500000000001,2025-10-09 22:00:00,0.8174414285714285,SL,-31.649729537997636,8,2025-10
FIL/USDT,SHORT,2025-10-09 14:00:00,2.252,2.287378571428571,2.1567499999999997,2025-10-09 22:00:00,2.287378571428571,SL,-33.41969043389988,8,2025-10
ARB/USDT,SHORT,2025-10-09 14:00:00,0.4125,0.41964999999999997,0.39325,2025-10-09 22:00:00,0.41964999999999997,SL,-36.666666666666615,8,2025-10
LINK/USDT,LONG,2025-10-10 09:00:00,22.495,22.160435714285715,23.39575,2025-10-10 15:00:00,22.160435714285715,SL,-31.74565776521772,6,2025-10
FIL/USDT,LONG,2025-10-10 14:00:00,2.366,2.3189214285714286,2.49275,2025-10-10 15:00:00,2.3189214285714286,SL,-41.79591836734702,1,2025-10
TRX/USDT,SHORT,2025-10-10 21:00:00,0.32041,0.3257678571428571,0.305985,2025-10-17 08:00:00,0.305985,TP,88.04088511594499,155,2025-10
ARB/USDT,LONG,2025-10-13 13:00:00,0.3491,0.33864428571428573,0.37725000000000003,2025-10-13 14:00:00,0.33864428571428573,SL,-61.90096984081518,1,2025-10
LINK/USDT,SHORT,2025-10-15 20:00:00,17.9,18.313399999999998,16.787,2025-10-16 10:00:00,18.313399999999998,SL,-48.18994413407814,14,2025-10
OP/USDT,SHORT,2025-10-15 20:00:00,0.4546,0.46547357142857143,0.425325,2025-10-16 20:00:00,0.425325,TP,126.79454465464144,24,2025-10
FIL/USDT,SHORT,2025-10-17 06:00:00,1.439,1.4744714285714287,1.3435000000000001,2025-10-17 16:00:00,1.4744714285714287,SL,-51.30010920281945,10,2025-10
ARB/USDT,SHORT,2025-10-17 06:00:00,0.3032,0.3100435714285715,0.284775,2025-10-18 07:00:00,0.3100435714285715,SL,-47.14229174519425,25,2025-10
ADA/USDT,SHORT,2025-10-17 11:00:00,0.6167,0.6319378571428572,0.5756749999999999,2025-10-17 16:00:00,0.6319378571428572,SL,-51.41740600894176,5,2025-10
FIL/USDT,LONG,2025-10-20 15:00:00,1.59,1.5601,1.6705,2025-10-20 16:00:00,1.5601,SL,-39.61006289308181,1,2025-10
ADA/USDT,SHORT,2025-10-22 21:00:00,0.6157,0.6282728571428572,0.58185,2025-10-23 01:00:00,0.6282728571428572,SL,-42.84085477621297,4,2025-10
FIL/USDT,SHORT,2025-10-22 21:00:00,1.483,1.5196785714285714,1.38425,2025-10-22 23:00:00,1.5196785714285714,SL,-51.46536942491077,2,2025-10
ARB/USDT,SHORT,2025-10-22 21:00:00,0.2963,0.3033107142857143,0.27742500000000003,2025-10-23 03:00:00,0.3033107142857143,SL,-49.32172990694779,6,2025-10
TRX/USDT,SHORT,2025-10-25 04:00:00,0.29496,0.29889714285714286,0.28435999999999995,2025-10-25 12:00:00,0.29889714285714286,SL,-28.696113758766348,8,2025-10
FIL/USDT,SHORT,2025-10-30 04:00:00,1.537,1.583892857142857,1.4107499999999997,2025-10-30 18:00:00,1.4107499999999997,TP,162.28106701366323,14,2025-10
ARB/USDT,LONG,2025-11-01 16:00:00,0.3063,0.30216785714285715,0.31742500000000007,2025-11-02 14:00:00,0.30216785714285715,SL,-28.981017676414375,22,2025-11
ARB/USDT,LONG,2025-11-02 05:00:00,0.3107,0.3071435714285714,0.320275,2025-11-02 10:00:00,0.3071435714285714,SL,-24.893006575014947,5,2025-11
ADA/USDT,SHORT,2025-11-03 07:00:00,0.5768,0.5875807142857142,0.5477749999999999,2025-11-03 15:00:00,0.5477749999999999,TP,98.6414701803054,8,2025-11
ARB/USDT,SHORT,2025-11-03 07:00:00,0.2838,0.2904764285714286,0.265825,2025-11-03 15:00:00,0.265825,TP,124.67371388301635,8,2025-11
TRX/USDT,SHORT,2025-11-03 07:00:00,0.29379,0.2955858571428571,0.2889550000000001,2025-11-03 09:00:00,0.2955858571428571,SL,-14.225447720188752,2,2025-11
ADA/USDT,SHORT,2025-11-03 16:00:00,0.5593,0.5755685714285714,0.5155000000000001,2025-11-04 18:00:00,0.5155000000000001,TP,154.62435186840676,26,2025-11
ARB/USDT,SHORT,2025-11-03 16:00:00,0.2665,0.2763707142857143,0.239925,2025-11-04 20:00:00,0.239925,TP,197.43714821763615,28,2025-11
OP/USDT,SHORT,2025-11-03 16:00:00,0.36,0.3739285714285714,0.3225,2025-11-04 20:00:00,0.3225,TP,206.3333333333332,28,2025-11
LINK/USDT,SHORT,2025-11-06 13:00:00,15.026,15.283771428571429,14.332,2025-11-06 16:00:00,14.332,TP,90.373219752429,3,2025-11
ARB/USDT,SHORT,2025-11-06 20:00:00,0.2626,0.26901642857142855,0.24532500000000002,2025-11-07 00:00:00,0.26901642857142855,SL,-50.86845827439867,4,2025-11
FIL/USDT,LONG,2025-11-07 06:00:00,2.163,1.949242857142857,2.7384999999999993,2025-11-07 16:00:00,2.7384999999999993,TP,530.13129912159,10,2025-11
OP/USDT,LONG,2025-11-07 09:00:00,0.3848,0.37556071428571425,0.409675,2025-11-07 11:00:00,0.37556071428571425,SL,-50.02123552123559,2,2025-11
FIL/USDT,LONG,2025-11-07 10:00:00,2.236,2.018342857142857,2.822,2025-11-07 16:00:00,2.822,TP,522.1502683363146,6,2025-11
ARB/USDT,LONG,2025-11-07 11:00:00,0.2692,0.26294142857142855,0.28604999999999997,2025-11-07 12:00:00,0.26294142857142855,SL,-48.49755890469128,1,2025-11
OP/USDT,LONG,2025-11-09 16:00:00,0.4278,0.418505,0.45282500000000003,2025-11-10 22:00:00,0.45282500000000003,TP,114.99392239364198,30,2025-11
ADA/USDT,LONG,2025-11-10 00:00:00,0.587,0.5764142857142857,0.6154999999999999,2025-11-11 07:00:00,0.5764142857142857,SL,-38.06716962764671,31,2025-11
ARB/USDT,LONG,2025-11-10 00:00:00,0.3031,0.2969992857142857,0.319525,2025-11-10 08:00:00,0.2969992857142857,SL,-42.255455530942214,8,2025-11
ADA/USDT,LONG,2025-11-10 10:00:00,0.5944,0.5846035714285714,0.620775,2025-11-10 14:00:00,0.5846035714285714,SL,-34.96241107479339,4,2025-11
ARB/USDT,SHORT,2025-11-12 15:00:00,0.2651,0.27142357142857143,0.24807500000000002,2025-11-13 18:00:00,0.24807500000000002,TP,126.44209732176526,27,2025-11
ARB/USDT,SHORT,2025-11-12 22:00:00,0.2596,0.26625785714285716,0.24167500000000003,2025-11-13 03:00:00,0.26625785714285716,SL,-53.29319832709677,5,2025-11
ADA/USDT,SHORT,2025-11-13 16:00:00,0.5417,0.5541521428571429,0.5081749999999999,2025-11-14 04:00:00,0.5081749999999999,TP,121.77699833856389,12,2025-11
LINK/USDT,SHORT,2025-11-13 16:00:00,15.007,15.377407142857143,14.00975,2025-11-14 04:00:00,14.00975,TP,130.9046444992336,12,2025-11
ADA/USDT,SHORT,2025-11-14 04:00:00,0.5166,0.5297671428571428,0.48114999999999997,2025-11-16 16:00:00,0.48114999999999997,TP,135.24351529229574,60,2025-11
ARB/USDT,SHORT,2025-11-14 04:00:00,0.2357,0.24339785714285714,0.214975,2025-11-14 06:00:00,0.24339785714285714,SL,-67.31911024910603,2,2025-11
LINK/USDT,SHORT,2025-11-14 04:00:00,14.186,14.575628571428572,13.137,2025-11-17 19:00:00,13.137,TP,145.89228817143655,87,2025-11
ARB/USDT,SHORT,2025-11-17 19:00:00,0.2242,0.2308207142857143,0.206375,2025-11-18 02:00:00,0.2308207142857143,SL,-61.06078756212565,7,2025-11
LINK/USDT,SHORT,2025-11-17 19:00:00,13.21,13.564157142857145,12.2565,2025-11-18 05:00:00,13.564157142857145,SL,-55.619552287228416,10,2025-11
OP/USDT,SHORT,2025-11-17 19:00:00,0.3597,0.37067571428571433,0.33015,2025-11-18 01:00:00,0.37067571428571433,SL,-63.0270463481474,6,2025-11
FIL/USDT,SHORT,2025-11-19 14:00:00,1.879,1.9359214285714286,1.7257500000000001,2025-11-21 07:00:00,1.7257500000000001,TP,161.11868014901532,41,2025-11
ARB/USDT,SHORT,2025-11-19 17:00:00,0.223,0.22790285714285716,0.2098,2025-11-19 21:00:00,0.22790285714285716,SL,-45.9718129404229,4,2025-11
LINK/USDT,SHORT,2025-11-19 17:00:00,12.957,13.22257142857143,12.242,2025-11-19 21:00:00,13.22257142857143,SL,-42.99273420875643,4,2025-11
ADA/USDT,SHORT,2025-11-21 03:00:00,0.4298,0.44185285714285716,0.39735,2025-11-21 07:00:00,0.39735,TP,149.00046533271305,4,2025-11
LINK/USDT,SHORT,2025-11-21 07:00:00,12.264,12.64192857142857,11.2465,2025-11-23 12:00:00,12.64192857142857,SL,-63.63218712142383,53,2025-11
LINK/USDT,SHORT,2025-11-21 13:00:00,12.07,12.484142857142858,10.955,2025-11-23 04:00:00,12.484142857142858,SL,-70.62350574032445,39,2025-11
TRX/USDT,SHORT,2025-11-21 13:00:00,0.27691,0.2800652857142857,0.26841499999999996,2025-11-27 18:00:00,0.2800652857142857,SL,-24.78925076223823,149,2025-11
LINK/USDT,LONG,2025-11-26 17:00:00,13.364,13.174850000000001,13.873250000000002,2025-11-28 01:00:00,13.174850000000001,SL,-30.307392996108906,32,2025-11
OP/USDT,LONG,2025-11-27 14:00:00,0.3365,0.33156,0.34980000000000006,2025-11-28 01:00:00,0.33156,SL,-31.361069836552748,11,2025-11
TRX/USDT,SHORT,2025-12-01 04:00:00,0.27679,0.2783787857142857,0.2725125,2025-12-01 06:00:00,0.2783787857142857,SL,-13.480080308434,2,2025-12
OP/USDT,LONG,2025-12-03 06:00:00,0.3218,0.31692499999999996,0.334925,2025-12-03 14:00:00,0.31692499999999996,SL,-32.298321939092716,8,2025-12
